{
  "folds": [
    {
      "fold": 1,
      "n_train": 481,
      "n_val": 104,
      "n_test": 104,
      "baseline_accuracy": 0.7019230769230769,
      "baseline_f1": 0.8248587570621468,
      "train_accuracy": 0.9667359667359667,
      "train_f1": 0.9768115942028985,
      "train_auroc": 0.9999175733597099,
      "val_accuracy": 0.7307692307692307,
      "val_f1": 0.8271604938271605,
      "val_auroc": 0.6756517896597437,
      "test_accuracy": 0.75,
      "test_f1": 0.8289473684210527,
      "test_auroc": 0.7445868316394166
    }
  ],
  "avg_baseline_accuracy": 0.7019230769230769,
  "avg_baseline_f1": 0.8248587570621468,
  "avg_train_accuracy": 0.9667359667359667,
  "avg_train_f1": 0.9768115942028985,
  "avg_train_auroc": 0.9999175733597099,
  "avg_val_auroc": 0.6756517896597437,
  "avg_test_accuracy": 0.75,
  "avg_test_f1": 0.8289473684210527,
  "avg_test_auroc": 0.7445868316394166,
  "feature_dim": 896,
  "n_samples": 689,
  "n_folds": 1,
  "extract_time_s": 148.22125148773193
}