{
  "folds": [
    {
      "fold": 1,
      "n_train": 481,
      "n_val": 104,
      "n_test": 104,
      "baseline_accuracy": 0.7019230769230769,
      "baseline_f1": 0.8248587570621468,
      "train_accuracy": 0.9771309771309772,
      "train_f1": 0.983941605839416,
      "train_auroc": 1.0,
      "val_accuracy": 0.7307692307692307,
      "val_f1": 0.825,
      "val_auroc": 0.6688024745912505,
      "test_accuracy": 0.7307692307692307,
      "test_f1": 0.8133333333333334,
      "test_auroc": 0.7414935925762263
    }
  ],
  "avg_baseline_accuracy": 0.7019230769230769,
  "avg_baseline_f1": 0.8248587570621468,
  "avg_train_accuracy": 0.9771309771309772,
  "avg_train_f1": 0.983941605839416,
  "avg_train_auroc": 1.0,
  "avg_val_auroc": 0.6688024745912505,
  "avg_test_accuracy": 0.7307692307692307,
  "avg_test_f1": 0.8133333333333334,
  "avg_test_auroc": 0.7414935925762263,
  "feature_dim": 896,
  "n_samples": 689,
  "n_folds": 1,
  "extract_time_s": 172.6384723186493
}